atleta_id,apelido,posicao_id,clube_id,pontuacao,entrou_em_campo,FS,CA,FC,FD,FF,I,DS,SG,DE,GS,A,FT,V,G,PS,GC,PC,CV,clube_nome
39656,Alan Franco,4,2372,3.6,True,,,3.0,,,,3.0,,,,,,,,,,,,Equador
66177,Javier Aguirre,6,2360,7.79,True,,,,,,,,,,,,,1.0,,,,,,México
66833,Sörloth,5,2323,0.8,True,1.0,,3.0,1.0,,,,,,,,,,,,,,,Noruega
67746,Messi,5,2357,29.9,True,1.0,,1.0,1.0,2.0,1.0,2.0,,,,,,,3.0,,,,,Argentina
67812,Modric,4,2379,-0.5,True,1.0,,,,,,,,,,,,,,,,1.0,,Croácia
67972,Cristiano Ronaldo,5,2390,1.6,True,,,,,2.0,,,,,,,,,,,,,,Portugal
68296,Dick Advocaat,6,3221,3.94,True,,,,,,,,,,,,,,,,,,,Curaçao
68325,Marcelo Bielsa,6,2356,4.2,True,,,,,,,,,,,,,,,,,,,Uruguai
69219,Otamendi,3,2357,6.5,True,,,,,,,1.0,1.0,,,,,,,,,,,Argentina
69241,Muslera,1,2356,1.6,True,,,,,,,,,2.0,1.0,,,,,,,,,Uruguai
69293,Neuer,1,2384,0.8,True,1.0,,,,,,,,1.0,1.0,,,,,,,,,Alemanha
69384,Arnautovic,5,2391,11.1,True,1.0,,,1.0,,1.0,1.0,,,,,,,1.0,,,,,Áustria
69726,Carlos Queiroz,6,2375,0.0,False,,,,,,,,,,,,,,,,,,,Gana
69783,Danilo,2,2318,0.0,True,,,,,,,,,,,,,,,,,,,Brasil
69973,Wood,5,2340,13.2,True,,,,2.0,1.0,,,,,,2.0,,,,,,,,Nova Zelândia
70119,Casemiro,4,2318,0.7,True,1.0,1.0,1.0,,,,1.0,,,,,,,,,,,,Brasil
70594,Hajsafi,2,2336,-0.8,True,1.0,1.0,1.0,,,,,,,,,,,,,,,,Irã
70788,Enner Valencia,5,2372,4.1,True,4.0,,3.0,,,,,,,,,1.0,,,,,,,Equador
70892,Carlo Ancelotti,6,2318,4.35,True,,,,,,,,,,,,,,,,,,,Brasil
70911,Staale Solbakken,6,2323,5.52,True,,,,,,,,,,,,,1.0,,,,,,Noruega
71178,Alaba,3,2391,0.0,True,,,,,,,,,,,,,,,,,,,Áustria
71485,Didier Deschamps,6,2385,7.12,True,,,,,,,,,,,,,1.0,,,,,,França
71543,Lukaku,5,2392,0.8,True,,,,,1.0,,,,,,,,,,,,,,Bélgica
71684,Gustavo Gómez,3,2354,0.8,True,,,2.0,,,1.0,1.0,,,,,,,,,,,,Paraguai
73303,Vincenzo Montella,6,2328,3.17,True,,,,,,,,,,,,,,,,,,,Turquia
73398,Hanley,3,2327,4.7,True,,,1.0,,,,,1.0,,,,,,,,,,,Escócia
73526,Ralf Rangnick,6,2391,5.65,True,,,,,,,,,,,,,1.0,,,,,,Áustria
74072,Marquinhos,3,2318,1.5,True,,,,,,,1.0,,,,,,,,,,,,Brasil
74161,Mauricio Pochettino,6,2365,7.25,True,,,,,,,,,,,,,1.0,,,,,,Estados Unidos
77629,Ricardo Rodríguez,2,2320,-0.6,True,,,2.0,,,,,,,,,,,,,,,,Suíça
77844,Kovacic,4,2379,1.9,True,2.0,,1.0,1.0,,,,,,,,,,,,,,,Croácia
77904,Courtois,1,2392,4.2,True,,,,,,,,,4.0,1.0,,,,,,,,,Bélgica
78297,Al-Haydos,4,3238,0.0,True,,,,,,,,,,,,,,,,,,,Catar
79191,Gustavo Alfaro,6,2354,3.31,True,,,,,,,,,,,,,,,,,,,Paraguai
79544,Xhaka,4,2320,2.0,True,,,,1.0,1.0,,,,,,,,,,,,,,Suíça
79826,Douglas Santos,2,2318,8.4,True,,,2.0,,,,6.0,,,,,,,,,,,,Brasil
80401,Fabinho,4,2318,0.6,True,,,3.0,,,,1.0,,,,,,,,,,,,Brasil
80507,Perisic,5,2379,7.4,True,,,2.0,,,,2.0,,,,1.0,,,,,,,,Croácia
80617,Salah,5,2324,7.1,True,3.0,,2.0,1.0,,,,,,,1.0,,,,,,,,Egito
80647,Payne,2,2340,3.2,True,1.0,,1.0,,,,2.0,,,,,,,,,,,,Nova Zelândia
80695,Hong Myung-Bo,6,2374,5.77,True,,,,,,,,,,,,,1.0,,,,,,Coreia do Sul
80717,Raúl Jiménez,5,2360,13.0,True,,,1.0,2.0,,1.0,2.0,,,,,,,1.0,,,,,México
80951,Bono,1,2332,4.2,True,,,,,,,,,4.0,1.0,,,,,,,,,Marrocos
81104,Rabiot,4,2385,7.7,True,,,1.0,,,,2.0,,,,1.0,,,,,,,,França
81141,Vladimir Petkovic,6,2338,2.74,True,,,,,,,,,,,,,,,,,,,Argélia
81462,Jalal Hassan,1,2342,0.4,True,1.0,,,,,,,,3.0,4.0,,,,,,,,,Iraque
81779,Irvine,4,2333,-0.3,True,,,1.0,,,,,,,,,,,,,,,,Austrália
81947,Laporte,3,2326,8.5,True,,,,1.0,1.0,,1.0,1.0,,,,,,,,,,,Espanha
81958,João Cancelo,2,2390,4.3,True,1.0,,2.0,,,1.0,3.0,,,,,,,,,,,,Portugal
82002,Kim Seung-Gyu,1,2374,1.6,True,,,,,,,,,2.0,1.0,,,,,,,,,Coreia do Sul
82005,Lee Jae-Sung,4,2374,3.4,True,2.0,,1.0,1.0,,,1.0,,,,,,,,,,,,Coreia do Sul
82033,Rabia,3,2324,1.5,True,,,,,,,1.0,,,,,,,,,,,,Egito
82042,Hajime Moriyasu,6,2369,4.6,True,,,,,,,,,,,,,,,,,,,Japão
82060,Son Heung-Min,5,2374,4.5,True,2.0,,,1.0,3.0,1.0,,,,,,,,,,,,,Coreia do Sul
82062,Pickford,1,2370,2.4,True,1.0,,,,,,,,3.0,2.0,,,,,,,,,Inglaterra
82232,Harry Kane,5,2370,21.4,True,1.0,,2.0,2.0,2.0,,1.0,,,,,,,2.0,,,,,Inglaterra
82257,Roberto Martínez,6,2390,3.09,True,,,,,,,,,,,,,,,,,,,Portugal
82275,Steve Clarke,6,2327,6.55,True,,,,,,,,,,,,,1.0,,,,,,Escócia
82295,Aké,2,2381,0.0,True,,,,,,,,,,,,,,,,,,,Holanda
82896,Alisson,1,2318,2.9,True,,,,,,,,,3.0,1.0,,,,,,,,,Brasil
83119,Kolasinac,2,2865,6.6,True,2.0,,3.0,,,,1.0,,,,1.0,,,,,,,,Bósnia
84061,Murat Yakin,6,2320,3.22,True,,,,,,,,,,,,,,,,,,,Suíça
84774,Rüdiger,3,2384,0.0,True,,,,,,,,,,,,,,,,,,,Alemanha
84783,Khedira,4,2337,0.2,True,,1.0,1.0,,,,1.0,,,,,,,,,,,,Tunísia
84808,Rudi Garcia,6,2392,3.69,True,,,,,,,,,,,,,,,,,,,Bélgica
84816,Varela,2,2356,2.7,True,,,1.0,,,,2.0,,,,,,,,,,,,Uruguai
84990,Maignan,1,2385,2.1,True,1.0,,,,,,,,2.0,1.0,,,,,,,,,França
85035,Sanabria,5,2354,0.2,True,1.0,,1.0,,,,,,,,,,,,,,,,Paraguai
85044,Locadia,5,3221,2.2,True,2.0,,1.0,,,,1.0,,,,,,,,,,,,Curaçao
85048,Memphis,5,2381,-1.3,True,,1.0,1.0,,,,,,,,,,,,,,,,Holanda
85084,De Bruyne,4,2392,6.5,True,,,,1.0,1.0,,1.0,,,,,1.0,,,,,,,Bélgica
85181,Van Dijk,3,2381,8.0,True,,,,,,,,,,,,,,1.0,,,,,Holanda
85889,Nordfeldt,1,2368,1.6,True,,,,,,,,,2.0,1.0,,,,,,,,,Suécia
85914,Hossam Hassan,6,2324,4.8,True,,,,,,,,,,,,,,,,,,,Egito
85995,Stones,3,2370,0.2,True,1.0,,1.0,,,,,,,,,,,,,,,,Inglaterra
86008,Placide,1,2334,1.6,True,,,,,,,,,2.0,1.0,,,,,,,,,Haiti
86013,Mandi,3,2338,3.0,True,3.0,,,,,,1.0,,,,,,,,,,,,Argélia
86213,Tah,3,2384,-0.6,True,,,2.0,,,,,,,,,,,,,,,,Alemanha
86214,Calhanoglu,4,2328,4.2,True,1.0,,1.0,2.0,2.0,,,,,,,,,,,,,,Turquia
86256,Gana Gueye,4,2347,1.2,True,,,1.0,,,,1.0,,,,,,,,,,,,Senegal
86260,Ryan Mendes,5,3201,1.6,True,2.0,,,,1.0,2.0,,,,,,,,,,,,,Cabo Verde
86849,Bruno Fernandes,4,2390,6.3,True,1.0,,1.0,,2.0,,3.0,,,,,,,,,,,,Portugal
87094,Bentaleb,4,2338,4.5,True,,,,,,,3.0,,,,,,,,,,,,Argélia
87416,Masuaku,2,3184,5.5,True,1.0,,,,,,,,,,1.0,,,,,,,,RD Congo
87588,Williams,1,2358,1.9,True,,,,,,,,,3.0,2.0,,,,,,,,,África do Sul
87771,Goretzka,4,2384,1.5,True,,,,,,,1.0,,,,,,,,,,,,Alemanha
88045,Leandro Bacuna,4,3221,3.8,True,2.0,,1.0,,2.0,,1.0,,,,,,,,,,,,Curaçao
88108,Thomas Tuchel,6,2370,8.77,True,,,,,,,,,,,,,1.0,,,,,,Inglaterra
88312,Junior Alonso,3,2354,5.2,True,1.0,1.0,1.0,,,,4.0,,,,,,,,,,,,Paraguai
88320,Almirón,4,2354,0.7,True,1.0,1.0,1.0,,,,1.0,,,,,,,,,,,,Paraguai
88472,Bakambu,5,3184,1.6,True,1.0,,1.0,,2.0,2.0,,,,,,,,,,,,,RD Congo
88559,Steven Moreira,2,3201,5.0,True,,,,,,,,1.0,,,,,,,,,,,Cabo Verde
88676,Mario Pasalic,4,2379,0.5,True,,,1.0,,1.0,,,,,,,,,,,,,,Croácia
88692,Sabri Lamouchi,6,2337,3.07,True,,,,,,,,,,,,,,,,,,,Tunísia
88745,Mahrez,5,2338,2.0,True,1.0,,,,,,1.0,,,,,,,,,,,,Argélia
88878,Velázquez,2,2354,0.0,True,,,,,,,,,,,,,,,,,,,Paraguai
88931,Koulibaly,3,2347,1.5,True,,,,,,,1.0,,,,,,,,,,,,Senegal
89016,Ronald Koeman,6,2381,3.95,True,,,,,,,,,,,,,,,,,,,Holanda
89019,Dibu Martínez,1,2357,5.0,True,,,,,,,,1.0,,,,,,,,,,,Argentina
89086,Julen Lopetegui,6,3238,2.75,True,,,,,,,,,,,,,,,,,,,Catar
89152,Reece James,2,2370,-0.3,True,,,1.0,,,,,,,,,,,,,,,,Inglaterra
89161,Sané,4,2384,3.3,True,1.0,,1.0,,2.0,,1.0,,,,,,,,,,,,Alemanha
89189,Mané,5,2347,5.7,True,3.0,,,1.0,,,2.0,,,,,,,,,,,,Senegal
89195,Robertson,2,2327,4.9,True,1.0,,2.0,,,,,1.0,,,,,,,,,,,Escócia
89236,Nyland,1,2323,-1.0,True,,,,,,,,,,1.0,,,,,,,,,Noruega
89282,Embolo,5,2320,8.2,True,,,2.0,,1.0,,,,,,,,,1.0,,,,,Suíça
89296,Georgios Donis,6,2344,3.26,True,,,,,,,,,,,,,,,,,,,Arábia Saudita
89432,Bernardo Silva,4,2390,0.2,True,,1.0,1.0,,,,1.0,,,,,,,,,,,,Portugal
89712,Kramaric,5,2379,0.0,True,,,,,,,,,,,,,,,,,,,Croácia
89766,Sabitzer,4,2391,-1.0,True,,1.0,,,,,,,,,,,,,,,,,Áustria
89843,Cubas,4,2354,4.8,True,,,4.0,,,,4.0,,,,,,,,,,,,Paraguai
89912,De Paul,4,2357,10.0,True,1.0,,,,,,3.0,,,,1.0,,,,,,,,Argentina
89973,Ödegaard,4,2323,9.0,True,1.0,,1.0,,1.0,,2.0,,,,1.0,,,,,,,,Noruega
90043,Skhiri,4,2337,0.0,True,,,,,,,,,,,,,,,,,,,Tunísia
90196,Llorente,2,2326,8.2,True,1.0,,1.0,,,,2.0,1.0,,,,,,,,,,,Espanha
91090,Kaku Romero,4,2354,0.2,True,1.0,,1.0,,,,,,,,,,,,,,,,Paraguai
91458,Behich,2,2333,4.7,True,,,1.0,,,,,1.0,,,,,,,,,,,Austrália
91886,Bentancur,4,2356,2.2,True,2.0,,1.0,,,,1.0,,,,,,,,,,,,Uruguai
92088,Crépeau,1,2361,3.1,True,,,,,,,1.0,,2.0,1.0,,,,,,,,,Canadá
92235,Kimmich,2,2384,12.5,True,2.0,,,,,,1.0,,,,2.0,,,,,,,,Alemanha
92343,Meunier,2,2392,1.2,True,,,5.0,1.0,,,1.0,,,,,,,,,,,,Bélgica
92347,Mechele,3,2392,4.9,True,1.0,,2.0,1.0,1.0,,2.0,,,,,,,,,,,,Bélgica
92351,Vanaken,4,2392,0.0,True,,,,,,,,,,,,,,,,,,,Bélgica
92399,Bensebaini,3,2338,4.0,True,2.0,,,,,,2.0,,,,,,,,,,,,Argélia
92446,Mbemba,3,3184,0.2,True,,1.0,1.0,,,,1.0,,,,,,,,,,,,RD Congo
92458,Antonee Robinson,2,2365,-0.3,True,,,1.0,,,,,,,,,,,,,,,,Estados Unidos
92474,Aguirre,5,2356,0.0,True,,,,,,,,,,,,,,,,,,,Uruguai
92510,Fabián Ruiz,4,2326,6.6,True,,,,1.0,3.0,,2.0,,,,,,,,,,,,Espanha
92544,Ream,3,2365,0.0,True,,,,,,,,,,,,,,,,,,,Estados Unidos
92648,Svanberg,4,2368,8.0,True,,,,,,,,,,,,,,1.0,,,,,Suécia
92805,Elvedi,3,2320,-0.6,True,,,2.0,,,,,,,,,,,,,,,,Suíça
92881,Semedo,2,2390,-1.3,True,,1.0,1.0,,,,,,,,,,,,,,,,Portugal
92938,Bazoer,3,3221,0.2,True,,,1.0,,,,1.0,,,,,,,,,,1.0,,Curaçao
93003,Seko Fofana,4,2350,1.5,True,,1.0,1.0,1.0,2.0,,,,,,,,,,,,,,Costa do Marfim
93006,Lienhart,3,2391,3.0,True,,,,,,,2.0,,,,,,,,,,,,Áustria
93249,Larin,5,2361,8.5,True,1.0,,,,,,,,,,,,,1.0,,,,,Canadá
93279,Rashford,5,2370,8.0,True,,,,,,,,,,,,,,1.0,,,,,Inglaterra
93283,Raphinha,5,2318,3.7,True,2.0,,,1.0,,,1.0,,,,,,,,,,,,Brasil
93289,Lindelöf,3,2368,1.7,True,,,2.0,,1.0,,1.0,,,,,,,,,,,,Suécia
93327,Arcus,2,2334,0.1,True,2.0,,3.0,,,,,,,,,,,,,,,,Haiti
93334,Oyarzabal,5,2326,5.1,True,,,,1.0,3.0,,1.0,,,,,,,,,,,,Espanha
93923,Diop,3,2332,0.0,True,,,,,,,,,,,,,,,,,,,Marrocos
94073,Mathías Olivera,2,2356,1.5,True,,,,,,,1.0,,,,,,,,,,,,Uruguai
94103,Gabriel Magalhães,3,2318,0.2,True,1.0,,1.0,,,,,,,,,,,,,,,,Brasil
94877,Laryea,2,2361,6.2,True,1.0,,,1.0,,,3.0,,,,,,,,,,,,Canadá
94919,Pulisic,4,2365,6.7,True,1.0,,1.0,,,,1.0,,,,1.0,,,,,,,,Estados Unidos
94930,Lucas Paquetá,4,2318,5.4,True,3.0,,1.0,1.0,,,2.0,,,,,,,,,,,,Brasil
95063,Mbappé,5,2385,18.3,True,1.0,,2.0,2.0,,,,,,,,,,2.0,,,,,França
95138,Molina,2,2357,6.5,True,,,,,,,1.0,1.0,,,,,,,,,,,Argentina
95233,Vega,5,2360,0.0,True,,,,,,,,,,,,,,,,,,,México
95282,Lautaro Martínez,5,2357,0.5,True,,,2.0,1.0,,1.0,,,,,,,,,,,,,Argentina
95456,Rodri,4,2326,2.0,True,,,1.0,,1.0,,1.0,,,,,,,,,,,,Espanha
95520,Gallardo,2,2360,5.5,True,,,1.0,,1.0,,,1.0,,,,,,,,,,,México
95534,Dembélé,5,2385,0.5,True,1.0,,,,,,,,,,,,,,,,,,França
95777,Schick,5,2352,0.5,True,1.0,,,,,,,,,,,,,,,,,,República Tcheca
95808,Zakaria,4,2320,4.4,True,,1.0,1.0,1.0,,,3.0,,,,,,,,,,,,Suíça
95893,Montes,3,2360,1.9,True,1.0,,2.0,,,,,1.0,,,,,,,,,,1.0,México
95972,Modiba,2,2358,7.5,True,2.0,,2.0,1.0,,1.0,4.0,,,,,,,,,,,,África do Sul
96026,Hwang Hee-Chan,5,2374,0.5,True,1.0,,,,,,,,,,,,,,,,,,Coreia do Sul
96330,Ogawa,5,2369,5.0,True,,,,,,,,,,,1.0,,,,,,,,Japão
96333,Tomiyasu,2,2369,0.2,True,1.0,,1.0,,,,,,,,,,,,,,,,Japão
96343,Tuanzebe,3,3184,0.0,True,,,,,,,,,,,,,,,,,,,RD Congo
96352,Zidane,1,2338,0.9,True,,,,,,,,,3.0,3.0,,,,,,,,,Argélia
96364,Gunn,1,2327,8.9,True,,,,,,,,1.0,3.0,,,,,,,,,,Escócia
96380,Rice,4,2370,5.9,True,,,1.0,1.0,,,,,,,1.0,,,,,,,,Inglaterra
96538,Theo Hernández,2,2385,1.5,True,,,,,,,1.0,,,,,,,,,,,,França
96568,Ajer,3,2323,0.5,True,1.0,,,,,,,,,,,,,,,,,,Noruega
96569,Christie,4,2327,2.7,True,,,1.0,,,,2.0,,,,,,,,,,,,Escócia
96585,Ezatolahi,4,2336,5.9,True,,,2.0,1.0,1.0,,3.0,,,,,,,,,,,,Irã
96670,Sangaré,4,2350,0.5,True,1.0,,,,,,,,,,,,,,,,,,Costa do Marfim
96724,Cuti Romero,3,2357,6.4,True,1.0,,2.0,,,,1.0,1.0,,,,,,,,,,,Argentina
96797,Afif,5,3238,1.0,True,2.0,,,,,,,,,,,,,,,,,,Catar
96809,Livakovic,1,2379,6.4,True,,,,,,,,,8.0,4.0,,,,,,,,,Croácia
96822,Dani Olmo,4,2326,0.0,True,,,,,,,,,,,,,,,,,,,Espanha
96838,Merino,4,2326,2.4,True,,,1.0,1.0,,,1.0,,,,,,,,,,,,Espanha
96865,Özcan,4,2328,0.5,True,1.0,,,,,,,,,,,,,,,,,,Turquia
97054,Akanji,3,2320,2.7,True,,,,1.0,,,1.0,,,,,,,,,,,,Suíça
97089,Alderete,3,2354,0.2,True,1.0,,1.0,,,,,,,,,,,,,,,,Paraguai
97127,Freuler,4,2320,0.3,True,,,2.0,,,1.0,,,,,,,,,1.0,,,,Suíça
97128,Kessié,4,2350,3.6,True,2.0,1.0,3.0,,,,3.0,,,,,,,,,,,,Costa do Marfim
97214,Julian Nagelsmann,6,2384,12.47,True,,,,,,,,,,,,,1.0,,,,,,Alemanha
97246,Tielemans,4,2392,3.8,True,2.0,,1.0,,2.0,,1.0,,,,,,,,,,,,Bélgica
97270,McGinn,4,2327,11.3,True,5.0,,,,1.0,,,,,,,,,1.0,,,,,Escócia
97348,Havertz,5,2384,16.2,True,1.0,,1.0,,,,,,,,,,,2.0,,,,,Alemanha
97395,Edson Álvarez,4,2360,2.0,True,1.0,,,,,,1.0,,,,,,,,,,,,México
97412,Zwane,4,2358,-3.3,True,,,1.0,,,,,,,,,,,,,,,1.0,África do Sul
97613,Medina,3,2357,8.2,True,1.0,,1.0,,,,2.0,1.0,,,,,,,,,,,Argentina
97614,Montiel,2,2357,9.2,True,,,1.0,,,,3.0,1.0,,,,,,,,,,,Argentina
97656,Unai Simón,1,2326,6.3,True,,,,,,,,1.0,1.0,,,,,,,,,,Espanha
97698,Isak,5,2368,21.9,True,,,,1.0,,3.0,2.0,,,,2.0,,,1.0,,,,,Suécia
97803,Ibañez,3,2318,0.4,True,1.0,1.0,2.0,,,,1.0,,,,,,,,,,,,Brasil
98019,Hakimi,2,2332,13.0,True,5.0,,3.0,,3.0,,6.0,,,,,,,,,,,,Marrocos
98141,Wan-Bissaka,2,3184,4.2,True,,,1.0,,,,3.0,,,,,,,,,,,,RD Congo
98352,Bruno Guimarães,4,2318,8.7,True,2.0,,1.0,,,,2.0,,,,1.0,,,,,,,,Brasil
98974,Viña,2,2356,0.4,True,1.0,,,,,1.0,,,,,,,,,,,,,Uruguai
99014,Aouar,4,2338,2.8,True,1.0,,,,1.0,,1.0,,,,,,,,,,,,Argélia
99134,Danso,3,2391,2.0,True,1.0,,,,,,1.0,,,,,,,,,,,,Áustria
99144,Kobel,1,2320,2.9,True,,,,,,,,,3.0,1.0,,,,,,,,,Suíça
99228,De la Cruz,4,2356,1.7,True,1.0,,,1.0,,,,,,,,,,,,,,,Uruguai
99277,Sebastián Beccacece,6,2372,4.85,True,,,,,,,,,,,,,,,,,,,Equador
99325,Delcroix,3,2334,3.5,True,1.0,,,,,,2.0,,,,,,,,,,,,Haiti
99331,Pépé,5,2350,0.8,True,,,,,1.0,,,,,,,,,,,,,,Costa do Marfim
99405,Ismaïla Sarr,5,2347,1.6,True,,,,,2.0,,,,,,,,,,,,,,Senegal
99481,McTominay,4,2327,3.5,True,,,1.0,,1.0,,,,,,,1.0,,,,,,,Escócia
99515,De Jong,4,2381,7.4,True,1.0,,2.0,,,,5.0,,,,,,,,,,,,Holanda
99535,Vini Jr.,5,2318,8.1,True,2.0,,3.0,,,,,,,,,,,1.0,,,,,Brasil
99705,Hugo Broos,6,2358,1.93,True,,,,,,,,,,,,,,,,,,,África do Sul
99712,Boxall,3,2340,2.0,True,1.0,,,,,,1.0,,,,,,,,,,,,Nova Zelândia
99715,Ryan Thomas,4,2340,-0.1,True,1.0,,2.0,,,,,,,,,,,,,,,,Nova Zelândia
99748,Galíndez,1,2372,4.2,True,,,,,,,,,4.0,1.0,,,,,,,,,Equador
99851,Pedro Neto,5,2390,5.5,True,1.0,,,,,,,,,,1.0,,,,,,,,Portugal
99857,Valverde,4,2356,3.2,True,,,1.0,1.0,1.0,,1.0,,,,,,,,,,,,Uruguai
99997,Posch,2,2391,6.4,True,1.0,,3.0,,1.0,,4.0,,,,,,,,,,,,Áustria
100038,Niakhaté,3,2347,0.5,True,1.0,,,,,,,,,,,,,,,,,,Senegal
100098,Demirovic,5,2865,-0.5,True,1.0,1.0,4.0,1.0,,,,,,,,,,,,,,,Bósnia
100124,Soucek,4,2352,0.4,True,,,1.0,,1.0,1.0,,,,,,,,,,,,,República Tcheca
100140,Berge,4,2323,1.7,True,1.0,,1.0,,,,1.0,,,,,,,,,,,,Noruega
100316,McKennie,4,2365,0.0,True,,,,,,,,,,,,,,,,,,,Estados Unidos
100318,Vlasic,4,2379,-0.3,True,,,1.0,,,,,,,,,,,,,,,,Croácia
100320,Gouiri,5,2338,0.2,True,1.0,,1.0,,,,,,,,,,,,,,,,Argélia
100414,Souttar,3,2333,5.9,True,,,1.0,1.0,,,,1.0,,,,,,,,,,,Austrália
100539,Zlatko Dalic,6,2379,5.05,True,,,,,,,,,,,,,,,,,,,Croácia
100627,Upamecano,3,2385,4.7,True,1.0,,1.0,,,,3.0,,,,,,,,,,,,França
100629,Laimer,2,2391,2.7,True,,,3.0,,1.0,2.0,2.0,,,,,,,,,,,,Áustria
100689,Crocombe,1,2340,1.1,True,1.0,,,,,,,,2.0,2.0,,,,,,,,,Nova Zelândia
100692,Al-Owais,1,2344,9.9,True,1.0,,,,,,,,8.0,1.0,,,,,,,,,Arábia Saudita
100730,Joris Kayembe,2,3184,2.0,True,1.0,,,,,,1.0,,,,,,,,,,,,RD Congo
100731,Moutoussamy,4,3184,1.0,True,1.0,,1.0,,1.0,,,,,,,,,,,,,,RD Congo
100745,Brahim Díaz,4,2332,9.2,True,3.0,,,1.0,,,1.0,,,,1.0,,,,,,,,Marrocos
100802,Anton,3,2384,1.5,True,,,,,,,1.0,,,,,,,,,,,,Alemanha
100815,Nuno da Costa,5,3201,3.5,True,1.0,,,,,,2.0,,,,,,,,,,,,Cabo Verde
100836,McCowatt,4,2340,3.2,True,1.0,,,1.0,,,1.0,,,,,,,,,,,,Nova Zelândia
100930,Burnic,4,2865,0.0,True,,,,,,,,,,,,,,,,,,,Bósnia
101096,Room,1,3221,-1.8,True,,,,,,,,,4.0,7.0,,,,,,,,,Curaçao
101124,O'Neill,4,2333,0.2,True,1.0,,1.0,,,,,,,,,,,,,,,,Austrália
101382,Gakpo,5,2381,2.4,True,1.0,,,1.0,1.0,1.0,,,,,,,,,,,,,Holanda
101384,Obispo,3,3221,2.9,True,,,,,,1.0,2.0,,,,,,,,,,,,Curaçao
101385,Malen,5,2381,5.1,True,,,,3.0,,,1.0,,,,,,,,,,,,Holanda
101843,Ferran Torres,5,2326,5.1,True,,,2.0,1.0,,,1.0,,,,,1.0,,,,,,,Espanha
101932,Graham Potter,6,2368,8.43,True,,,,,,,,,,,,,1.0,,,,,,Suécia
101937,Ghoddos,4,2336,4.5,True,,,,,2.0,1.0,2.0,,,,,,,,,,,,Irã
102288,Weah,5,2365,0.6,True,,,2.0,1.0,,,,,,,,,,,,,,,Estados Unidos
102611,Salem Al-Dawsari,5,2344,0.5,True,,,1.0,,1.0,,,,,,,,,,,,,,Arábia Saudita
102697,Kamada,4,2369,14.0,True,,,,,,,4.0,,,,,,,1.0,,,,,Japão
102739,Adé,3,2334,2.0,True,3.0,,1.0,,1.0,,,,,,,,,,,,,,Haiti
102754,Xaver Schlager,4,2391,5.9,True,,,2.0,,,,1.0,,,,1.0,,,,,,,,Áustria
102763,Hafez,2,2324,0.0,True,,,,,,,,,,,,,,,,,,,Egito
102770,Taremi,5,2336,5.8,True,1.0,,,,1.0,,1.0,,,,,1.0,,,,,,,Irã
102775,Rezaeian,2,2336,20.0,True,2.0,,,,,,4.0,,,,1.0,,,1.0,,,,,Irã
102777,Mohammadi,2,2336,1.5,True,,,,,,,1.0,,,,,,,,,,,,Irã
102784,Beiranvand,1,2336,5.8,True,,,,,,,,,6.0,2.0,,,,,,,,,Irã
102838,Kanno,4,2344,2.7,True,,,,1.0,,,1.0,,,,,,,,,,,,Arábia Saudita
102842,Al-Khaibari,4,2344,2.3,True,,,,,1.0,,1.0,,,,,,,,,,,,Arábia Saudita
102866,Adams,4,2365,5.9,True,3.0,1.0,2.0,,,,4.0,,,,,,,,,,,,Estados Unidos
102928,Canobbio,5,2356,2.8,True,1.0,,,,1.0,,1.0,,,,,,,,,,,,Uruguai
102931,Brian Rodríguez,5,2356,2.5,True,1.0,,,1.0,1.0,,,,,,,,,,,,,,Uruguai
102935,Darwin Núñez,5,2356,1.2,True,,,1.0,,,,1.0,,,,,,,,,,,,Uruguai
103005,Isidor,5,2334,-0.2,True,,,3.0,,1.0,1.0,,,,,,,,,,,,,Haiti
103059,Juninho Bacuna,4,3221,8.2,True,1.0,,2.0,,1.0,,5.0,,,,,,,,,,,,Curaçao
103067,Cucurella,2,2326,6.6,True,,,1.0,1.0,1.0,1.0,,1.0,,,,,,,,,,,Espanha
103110,Gyökeres,5,2368,15.8,True,,,,1.0,2.0,,,,,,1.0,,,1.0,,,,,Suécia
103149,Aït-Nouri,2,2338,7.7,True,1.0,,1.0,,,,5.0,,,,,,,,,,,,Argélia
103187,Paik Seung-Ho,4,2374,1.0,True,2.0,,,,,,,,,,,,,,,,,,Coreia do Sul
103269,Lionel Scaloni,6,2357,10.99,True,,,,,,,,,,,,,1.0,,,,,,Argentina
103340,Saliba,3,2385,1.5,True,,,,,,,1.0,,,,,,,,,,,,França
103351,Dumfries,2,2381,1.5,True,,,,,,,1.0,,,,,,,,,,,,Holanda
103419,Konan,2,2350,5.8,True,,,,,1.0,,,1.0,,,,,,,,,,,Costa do Marfim
103423,Édouard Mendy,1,2347,3.5,True,,,,,,,,,5.0,3.0,,,,,,,,,Senegal
103470,Aebischer,4,2320,2.9,True,1.0,,,2.0,,,,,,,,,,,,,,,Suíça
103536,Mohanad Ali,5,2342,0.0,True,,,,,,,,,,,,,,,,,,,Iraque
103561,Castagne,2,2392,0.2,True,,1.0,1.0,,,,1.0,,,,,,,,,,,,Bélgica
103612,Chory,5,2352,-0.4,True,1.0,,3.0,,,,,,,,,,,,,,,,República Tcheca
103629,Chong,4,3221,4.0,True,7.0,,1.0,,1.0,,,,,,,,,,,,,,Curaçao
103646,Celik,2,2328,0.9,True,,,1.0,1.0,,,,,,,,,,,,,,,Turquia
103648,Rafael Leão,5,2390,0.0,True,,,,,,,,,,,,,,,,,,,Portugal
103687,Julián Álvarez,5,2357,1.2,True,,,1.0,,,,1.0,,,,,,,,,,,,Argentina
103713,Alvarado,4,2360,8.4,True,2.0,,2.0,,,,2.0,,,,1.0,,,,,,,,México
103756,Tchouaméni,4,2385,6.0,True,,,,,,,4.0,,,,,,,,,,,,França
103759,Koundé,2,2385,2.6,True,,,1.0,,,1.0,2.0,,,,,,,,,,,,França
103775,Valery,2,2337,-0.9,True,,,3.0,,,,,,,,,,,,,,,,Tunísia
103857,Sadílek,4,2352,1.2,True,,,,1.0,,,,,,,,,,,,,,,República Tcheca
103898,Nmecha,4,2384,18.2,True,,,1.0,1.0,1.0,,3.0,,,,,1.0,,1.0,1.0,,,,Alemanha
103900,Lee Kang-In,4,2374,9.7,True,4.0,,,1.0,,,1.0,,,,1.0,,,,,,,,Coreia do Sul
103976,Saka,5,2370,5.5,True,1.0,,,,,,,,,,1.0,,,,,,,,Inglaterra
104038,Mazraoui,2,2332,3.9,True,,,2.0,,,,3.0,,,,,,,,,,,,Marrocos
104042,Gravenberch,4,2381,10.0,True,,,,,,,,,,,2.0,,,,,,,,Holanda
104776,Lisandro Martínez,3,2357,9.5,True,,,,,,,3.0,1.0,,,,,,,,,,,Argentina
104781,Cáceres,3,2356,3.8,True,2.0,,1.0,,2.0,,1.0,,,,,,,,,,,,Uruguai
104813,Demiral,3,2328,2.6,True,1.0,,,,1.0,2.0,1.0,,,,,,,,,,,,Turquia
105112,Porozo,3,2372,-1.6,True,,1.0,2.0,,,,,,,,,,,,,,,,Equador
105267,Trossard,5,2392,2.5,True,2.0,,,,,,1.0,,,,,,,,,,,,Bélgica
105290,Coufal,2,2352,6.1,True,1.0,,3.0,,,,1.0,,,,1.0,,,,,,,,República Tcheca
105605,Matheus Cunha,5,2318,0.5,True,1.0,,,,,,,,,,,,,,,,,,Brasil
105647,Maurício,4,2354,11.5,True,1.0,,,,,,2.0,,,,,,,1.0,,,,,Paraguai
105728,Ueda,5,2369,1.0,True,1.0,,1.0,,1.0,,,,,,,,,,,,,,Japão
105729,Maeda,5,2369,0.0,True,,,,,,,,,,,,,,,,,,,Japão
105730,Kubo,4,2369,7.5,True,1.0,,1.0,,1.0,,1.0,,,,1.0,,,,,,,,Japão
105790,Boudiaf,4,3238,2.8,True,1.0,,,,1.0,,1.0,,,,,,,,,,,,Catar
105792,Khoukhi,3,3238,4.2,True,,,1.0,,,,3.0,,,,,,,,,,,,Catar
105794,Fathi,4,3238,1.2,True,,,1.0,,,,1.0,,,,,,,,,,,,Catar
105795,Madibo,4,3238,0.2,True,1.0,,1.0,,,,,,,,,,,,,,,,Catar
105797,Pedro Miguel,3,3238,2.7,True,3.0,,1.0,,,,1.0,,,,,,,,,,,,Catar
105803,Alaaeldin,5,3238,2.7,True,,,,1.0,,,1.0,,,,,,,,,,,,Catar
105919,Singh,4,2340,4.4,True,,,1.0,2.0,1.0,,1.0,,,,,,,,,,,,Nova Zelândia
105924,Fidalgo,4,2360,1.0,True,2.0,,,,,,,,,,,,,,,,,,México
105952,Mac Allister,4,2357,4.9,True,1.0,,2.0,1.0,1.0,,2.0,,,,,,,,,,,,Argentina
105969,Maxi Araújo,4,2356,10.2,True,3.0,,1.0,1.0,,2.0,,,,,,,,1.0,,,,,Uruguai
105996,Sanabria,4,2356,0.7,True,,,,,1.0,1.0,,,,,,,,,,,,,Uruguai
106011,Enciso,4,2354,8.8,True,3.0,,,,1.0,,1.0,,,,1.0,,,,,,,,Paraguai
106019,Jesse Marsch,6,2361,4.81,True,,,,,,,,,,,,,,,,,,,Canadá
106032,Haaland,5,2323,20.1,True,3.0,,2.0,2.0,1.0,,,,,,,,,2.0,,,,,Noruega
106040,McLean,4,2327,-1.3,True,,1.0,1.0,,,,,,,,,,,,,,,,Escócia
106045,Foster,5,2358,1.3,True,1.0,,,,1.0,,,,,,,,,,,,,,África do Sul
106067,Adams,5,2327,0.5,True,1.0,,4.0,1.0,,,,,,,,,,,,,,,Escócia
106265,Bellegarde,4,2334,4.3,True,2.0,1.0,1.0,,2.0,,2.0,,,,,,,,,,,,Haiti
106302,Preciado,2,2372,0.0,True,,,,,,,,,,,,,,,,,,,Equador
106384,Kossounou,3,2350,5.0,True,,,,,,,,1.0,,,,,,,,,,,Costa do Marfim
106387,De Ketelaere,5,2392,6.5,True,1.0,,,,,,4.0,,,,,,,,,,,,Bélgica
106388,Diatta,2,2347,6.0,True,,,,,,,4.0,,,,,,,,,,,,Senegal
106404,Akgün,5,2328,-1.3,True,,1.0,1.0,,,,,,,,,,,,,,,,Turquia
106421,Junya Ito,4,2369,0.5,True,1.0,,,,,,,,,,,,,,,,,,Japão
106422,Nygren,5,2368,-0.3,True,,,1.0,,,,,,,,,,,,,,,,Suécia
106433,Nico González,5,2357,5.0,True,,,,,,,,,,,1.0,,,,,,,,Argentina
106482,Cakir,1,2328,0.6,True,,,,,,,,,2.0,2.0,,,,,,,,,Turquia
106494,Boudaoui,4,2338,-0.6,True,,,2.0,,,,,,,,,,,,,,,,Argélia
106524,Dest,2,2365,1.5,True,,,,,,,1.0,,,,,,,,,,,,Estados Unidos
106528,Zeleny,2,2352,2.0,True,1.0,,,,,,1.0,,,,,,,,,,,,República Tcheca
106534,Provod,4,2352,3.1,True,1.0,,1.0,,,1.0,2.0,,,,,,,,,,,,República Tcheca
106541,Konsa,3,2370,3.4,True,2.0,,1.0,1.0,,,1.0,,,,,,,,,,,,Inglaterra
106606,Singo,2,2350,10.7,True,1.0,,2.0,,1.0,,,1.0,,,1.0,,,,,,,,Costa do Marfim
106656,Kim Min-Jae,3,2374,2.4,True,,,2.0,,,,2.0,,,,,,,,,,,,Coreia do Sul
106660,Hwang In-Beom,4,2374,15.0,True,,,,1.0,1.0,,,,,,1.0,,,1.0,,,,,Coreia do Sul
106680,Diallo,5,2350,9.2,True,,,,1.0,,,,,,,,,,1.0,,,,,Costa do Marfim
106699,Müldür,2,2328,0.0,True,,,,,,,,,,,,,,,,,,,Turquia
106768,Ben Hamida,2,2337,4.5,True,,,,,,,3.0,,,,,,,,,,,,Tunísia
106784,Vásquez,3,2360,6.5,True,,,,,,,1.0,1.0,,,,,,,,,,,México
107027,Gordon,5,2370,2.7,True,,,,1.0,,,1.0,,,,,,,,,,,,Inglaterra
107045,Igor Thiago,5,2318,3.6,True,,,2.0,1.0,,,2.0,,,,,,,,,,,,Brasil
107231,Danilo Santos,4,2318,1.2,True,,,,1.0,,,,,,,,,,,,,,,Brasil
107527,Wissa,5,3184,12.4,True,3.0,,3.0,,1.0,,2.0,,,,,,,1.0,,,,,RD Congo
107559,Viñas,5,2356,4.2,True,,,,3.0,1.0,2.0,,,,,,,,,,,,,Uruguai
107560,Ugarte,4,2356,7.5,True,,,,,,,3.0,,,,,1.0,,,,,,,Uruguai
107873,Bobadilla,4,2354,-1.8,True,,,1.0,,,,1.0,,,,,,,,,1.0,,,Paraguai
108196,Cherki,4,2385,0.5,True,1.0,,,,,,,,,,,,,,,,,,França
108334,Moisés Caicedo,4,2372,5.4,True,2.0,,3.0,,1.0,,3.0,,,,,,,,,,,,Equador
108335,Hincapié,3,2372,5.8,True,1.0,,,,1.0,,3.0,,,,,,,,,,,,Equador
108342,Reyna,4,2365,8.7,True,2.0,,1.0,,,,,,,,,,,1.0,,,,,Estados Unidos
108358,Almada,4,2357,2.7,True,1.0,,,,1.0,1.0,1.0,,,,,,,,,,,,Argentina
108601,Pacho,3,2372,1.5,True,,,,,,,1.0,,,,,,,,,,,,Equador
108643,Enzo Fernández,4,2357,3.2,True,1.0,,1.0,,,,2.0,,,,,,,,,,,,Argentina
108668,Cáceres,2,2354,0.6,True,2.0,1.0,3.0,,,,1.0,,,,,,,,,,,,Paraguai
108909,Ryerson,2,2323,0.9,True,,,2.0,,,,1.0,,,,,,,,,,,,Noruega
108927,Wirtz,4,2384,8.1,True,,,,,2.0,,1.0,,,,1.0,,,,,,,,Alemanha
108942,Mwene,2,2391,-0.3,True,,,1.0,,,,,,,,,,,,,,,,Áustria
108948,Marmoush,5,2324,2.7,True,1.0,,2.0,1.0,2.0,,,,,,,,,,,,,,Egito
108962,Vargas,4,2320,5.6,True,4.0,,1.0,2.0,,,1.0,,,,,,,,,,,,Suíça
108975,Schlotterbeck,3,2384,11.2,True,1.0,,,1.0,,,1.0,,,,,,,1.0,,,,,Alemanha
109046,Vitinha,4,2390,1.2,True,,,1.0,,,,1.0,,,,,,,,,,,,Portugal
109049,Diogo Costa,1,2390,0.3,True,,,,,,,,,1.0,1.0,,,,,,,,,Portugal
109096,Plata,5,2372,6.9,True,,,1.0,1.0,,,4.0,,,,,,,,,,,,Equador
109097,Jovane Cabral,5,3201,2.3,True,,,,,1.0,,1.0,,,,,,,,,,,,Cabo Verde
109118,Musiala,4,2384,11.4,True,2.0,,2.0,,,,2.0,,,,,,,1.0,,,,,Alemanha
109123,Richards,3,2365,2.2,True,1.0,,2.0,,1.0,,1.0,,,,,,,,,,,,Estados Unidos
109229,Östigaard,3,2323,8.8,True,,,,,1.0,,,,,,,,,1.0,,,,,Noruega
109282,Luiz Henrique,5,2318,2.0,True,1.0,,,,,,1.0,,,,,,,,,,,,Brasil
109557,Alexander Schlager,1,2391,2.9,True,,,,,,,,,3.0,1.0,,,,,,,,,Áustria
109570,Pedri,4,2326,8.5,True,,1.0,1.0,2.0,,1.0,5.0,,,,,,,,,,,,Espanha
109592,Tillman,4,2365,12.2,True,4.0,,1.0,2.0,2.0,,1.0,,,,1.0,,,,,,,,Estados Unidos
109758,Banza,5,3184,0.0,True,,,,,,,,,,,,,,,,,,,RD Congo
109850,Van Hecke,3,2381,1.7,True,1.0,,,1.0,,,,,,,,,,,,,,,Holanda
109852,Pape Gueye,4,2347,2.7,True,,,1.0,,,,2.0,,,,,,,,,,,,Senegal
110047,Diego Gómez,4,2354,1.8,True,,1.0,1.0,,2.0,,1.0,,,,,,,,,,,,Paraguai
110083,Ndoye,5,2320,6.8,True,4.0,,,2.0,3.0,,,,,,,,,,,,,,Suíça
110219,Bellingham,4,2370,15.0,True,1.0,,,1.0,1.0,,3.0,,,,,,,1.0,,,,,Inglaterra
110272,Kökçü,4,2328,2.3,True,3.0,,,,1.0,,,,,,,,,,,,,,Turquia
110297,Koopmeiners,4,2381,0.5,True,,,1.0,,1.0,,,,,,,,,,,,,,Holanda
110298,Doku,5,2392,3.0,True,5.0,,1.0,,1.0,,,,,,,,,,,,,,Bélgica
110457,Providence,5,2334,4.7,True,2.0,,2.0,1.0,2.0,,1.0,,,,,,,,,,,,Haiti
110526,Dedic,2,2865,3.2,True,1.0,,1.0,,,,2.0,,,,,,,,,,,,Bósnia
110529,Seiwald,4,2391,3.2,True,1.0,,1.0,,,,2.0,,,,,,,,,,,,Áustria
110748,Brobbey,5,2381,0.0,True,,,,,,,,,,,,,,,,,,,Holanda
110782,Jonathan David,5,2361,4.0,True,1.0,,,1.0,1.0,,1.0,,,,,,,,,,,,Canadá
110802,Balogun,5,2365,20.5,True,4.0,,,1.0,,2.0,1.0,,,,,,,2.0,,,,,Estados Unidos
110810,Hickey,2,2327,6.9,True,4.0,1.0,2.0,,,,1.0,1.0,,,,,,,,,,,Escócia
110831,Elliot Anderson,4,2370,9.6,True,2.0,,3.0,,,,3.0,,,,1.0,,,,,,,,Inglaterra
110968,Wahi,5,2350,5.7,True,,,,1.0,,,1.0,,,,,1.0,,,,,,,Costa do Marfim
111019,Quiñones,5,2360,13.7,True,2.0,,1.0,1.0,1.0,,,,,,,1.0,,1.0,,,,,México
111025,Edmilson Junior,5,3238,2.0,True,1.0,,3.0,2.0,,,,,,,,,,,,,,,Catar
111046,Yasser Ibrahim,3,2324,1.5,True,,,,,,,1.0,,,,,,,,,,,,Egito
111052,Fathy,3,2324,3.4,True,2.0,,2.0,,,,2.0,,,,,,,,,,,,Egito
111054,Hany,2,2324,6.5,True,,,1.0,,1.0,,6.0,,,,,,,,,1.0,,,Egito
111055,Shobeir,1,2324,3.4,True,1.0,,,,,,,,3.0,1.0,,,,,,,,,Egito
111069,Seol Young-Woo,2,2374,1.1,True,,,1.0,,,1.0,1.0,,,,,,,,,,,,Coreia do Sul
111083,Fortuné,4,2334,0.5,True,1.0,,,,,,,,,,,,,,,,,,Haiti
111085,Musa,5,2379,9.7,True,1.0,,1.0,,,,1.0,,,,,,,1.0,,,,,Croácia
111233,Francisco Conceição,5,2390,1.1,True,,,1.0,,,1.0,1.0,,,,,,,,,,,,Portugal
111678,Iliman Ndiaye,5,2347,5.0,True,,,,,,,,,,,1.0,,,,,,,,Senegal
111913,Vite,4,2372,5.3,True,,,,,1.0,,3.0,,,,,,,,,,,,Equador
112377,Nuno Mendes,2,2390,1.4,True,3.0,,,,,1.0,,,,,,,,,,,,,Portugal
112682,Vasilj,1,2865,1.6,True,,,,,,,,,2.0,1.0,,,,,,,,,Bósnia
112827,Gharbi,4,2337,0.0,True,,,,,,,,,,,,,,,,,,,Tunísia
112836,Elanga,5,2368,0.0,True,,,,,,,,,,,,,,,,,,,Suécia
112863,Ramón Sosa,5,2354,0.5,True,1.0,,,,,,,,,,,,,,,,,,Paraguai
112895,Stanisic,2,2379,2.0,True,1.0,,,,,,1.0,,,,,,,,,,,,Croácia
112943,Timber,4,2381,0.0,True,,,,,,,,,,,,,,,,,,,Holanda
113059,Chukwuemeka,4,2391,-0.3,True,,,1.0,,,,,,,,,,,,,,,,Áustria
113242,Néstor Lorenzo,6,2373,0.0,False,,,,,,,,,,,,,,,,,,,Colômbia
113473,Kalajdzic,5,2391,1.5,True,2.0,,1.0,,1.0,,,,,,,,,,,,,,Áustria
113483,Hlozek,5,2352,1.7,True,1.0,,,1.0,,,,,,,,,,,,,,,República Tcheca
113490,João Paulo,2,3201,5.5,True,1.0,,,,,,,1.0,,,,,,,,,,,Cabo Verde
113494,Pico Lopes,3,3201,5.0,True,,,,,,,,1.0,,,,,,,,,,,Cabo Verde
113496,Bubista,6,3201,6.38,True,,,,,,,,,,,,,,,,,,,Cabo Verde
113497,Vozinha,1,3201,15.9,True,1.0,,,,,,,1.0,8.0,,,,,,,,,,Cabo Verde
113500,Diney Borges,3,3201,9.2,True,,,,1.0,,,2.0,1.0,,,,,,,,,,,Cabo Verde
113503,Willy Semedo,5,3201,3.0,True,,,,,,,2.0,,,,,,,,,,,,Cabo Verde
113504,Telmo Arcanjo,4,3201,0.0,True,,,,,,,,,,,,,,,,,,,Cabo Verde
113509,Kevin Pina,4,3201,4.3,True,1.0,,,,1.0,,2.0,,,,,,,,,,,,Cabo Verde
113535,Gvardiol,2,2379,0.0,True,,,,,,,,,,,,,,,,,,,Croácia
113578,Aktürkoglu,5,2328,3.7,True,2.0,,,1.0,,,1.0,,,,,,,,,,,,Turquia
113593,Patterson,2,2327,4.7,True,,,1.0,,,,,1.0,,,,,,,,,,,Escócia
113594,Hendry,3,2327,6.0,True,2.0,,,,,,,1.0,,,,,,,,,,,Escócia
113598,Dykes,5,2327,-0.6,True,,,2.0,,,,,,,,,,,,,,,,Escócia
113735,Luis de la Fuente,6,2326,6.18,True,,,,,,,,,,,,,,,,,,,Espanha
113992,Metcalfe,4,2333,8.0,True,,,,,,,,,,,,,,1.0,,,,,Austrália
113998,Graham Arnold,6,2342,3.76,True,,,,,,,,,,,,,,,,,,,Iraque
114012,Cacace,2,2340,4.7,True,1.0,,,1.0,,,2.0,,,,,,,,,,,,Nova Zelândia
114014,Just,4,2340,21.2,True,2.0,,1.0,,,,3.0,,,,,,,2.0,,,,,Nova Zelândia
114015,Bell,4,2340,-0.3,True,,,1.0,,,,,,,,,,,,,,,,Nova Zelândia
114019,Stamenic,4,2340,0.2,True,,,2.0,,1.0,,,,,,,,,,,,,,Nova Zelândia
114021,Raum,2,2384,4.2,True,,,,1.0,,,2.0,,,,,,,,,,,,Alemanha
114029,Elliot,2,2340,1.5,True,,,,,,,1.0,,,,,,,,,,,,Nova Zelândia
114033,Old,4,2340,0.0,True,,,,,,,,,,,,,,,,,,,Nova Zelândia
114040,Minda,5,2372,5.8,True,1.0,,,,1.0,,1.0,,,,,1.0,,,,,,,Equador
114048,Adel,5,2324,0.0,True,,,,,,,,,,,,,,,,,,,Egito
114054,Ashour,4,2324,13.3,True,3.0,,,,1.0,,2.0,,,,,,,1.0,,,,,Egito
114064,Doan,4,2369,-0.3,True,,,1.0,,,,,,,,,,,,,,,,Japão
114067,Mokoena,4,2358,-0.3,True,2.0,1.0,1.0,,,,,,,,,,,,,,,,África do Sul
114078,Makgopa,5,2358,0.0,True,,,,,,,,,,,,,,,,,,,África do Sul
114083,Zion Suzuki,1,2369,4.5,True,,,,,,,,,5.0,2.0,,,,,,,,,Japão
114101,Al-Hamdan,5,2344,0.0,True,,,,,,,,,,,,,,,,,,,Arábia Saudita
114105,Abdulhamid,2,2344,6.7,True,1.0,,2.0,,1.0,,4.0,,,,,,,,,,,,Arábia Saudita
114107,Al-Amri,3,2344,9.4,True,,1.0,1.0,1.0,,,1.0,,,,,,,1.0,,,,,Arábia Saudita
114125,Kim Jin-Gyu,4,2374,0.5,True,1.0,,,,,,,,,,,,,,,,,,Coreia do Sul
114149,Al-Buraikan,5,2344,2.0,True,1.0,,,,,,1.0,,,,,,,,,,,,Arábia Saudita
114217,Angulo,5,2372,1.7,True,1.0,,1.0,,,,1.0,,,,,,,,,,,,Equador
114235,Olise,4,2385,9.9,True,2.0,,,2.0,,,1.0,,,,1.0,,,,,,,,França
114236,Guéhi,3,2370,0.0,True,,,,,,,,,,,,,,,,,,,Inglaterra
114310,Diarra,4,2347,-0.1,True,1.0,,2.0,,,,,,,,,,,,,,,,Senegal
114312,Gavi,4,2326,2.4,True,,,2.0,,,,2.0,,,,,,,,,,,,Espanha
114321,Nico Williams,5,2326,0.0,True,,,,,,,,,,,,,,,,,,,Espanha
114440,Abdurisag,5,3238,2.5,True,2.0,,,,,,1.0,,,,,,,,,,,,Catar
114441,Homam Ahmed,2,3238,1.2,True,,,1.0,,,,1.0,,,,,,,,,,,,Catar
114445,Jassem Gaber,4,3238,-1.6,True,,1.0,2.0,,,,,,,,,,,,,,,,Catar
114448,Abunada,1,3238,7.9,True,1.0,1.0,,,,,,,8.0,1.0,,,,,,,1.0,,Catar
114485,Gonçalo Ramos,5,2390,1.5,True,,,,,,,1.0,,,,,,,,,,,,Portugal
114550,Rieder,4,2320,0.0,True,,,,,,,,,,,,,,,,,,,Suíça
114560,Summerville,5,2381,8.2,True,3.0,1.0,1.0,,,,,,,,,,,1.0,,,,,Holanda
114574,Nusa,5,2323,1.0,True,2.0,,,,,,,,,,,,,,,,,,Noruega
114577,Kovár,1,2352,3.2,True,,,,,,,,,4.0,2.0,,,,,,,,,República Tcheca
114610,Joseph,5,2334,-0.3,True,,,1.0,,,,,,,,,,,,,,,,Haiti
114808,Ounahi,4,2332,0.0,True,,,,,,,,,,,,,,,,,,,Marrocos
114820,Gudmundsson,2,2368,2.4,True,3.0,,2.0,,,,1.0,,,,,,,,,,,,Suécia
114821,Onana,4,2392,4.2,True,3.0,,1.0,,,,2.0,,,,,,,,,,,,Bélgica
114901,Dieng,5,2347,0.0,True,,,,,,,,,,,,,,,,,,,Senegal
114922,Ciss,4,2347,1.5,True,,,,,,,1.0,,,,,,,,,,,,Senegal
115091,Thorstvedt,4,2323,1.6,True,,,,,2.0,,,,,,,,,,,,,,Noruega
115096,Aursnes,4,2323,0.0,True,,,,,,,,,,,,,,,,,,,Noruega
115264,Iqbal,4,2342,0.0,True,,,,,,,,,,,,,,,,,,,Iraque
116269,Nasser Al-Dawsari,4,2344,-0.9,True,,,3.0,,,,,,,,,,,,,,,,Arábia Saudita
116275,Al-Juwayr,4,2344,-0.3,True,,,1.0,,,,,,,,,,,,,,,,Arábia Saudita
116533,Wanner,4,2391,1.5,True,,,,,,,1.0,,,,,,,,,,,,Áustria
116581,Hannibal,4,2337,11.5,True,3.0,,,1.0,1.0,,2.0,,,,1.0,,,,,,,,Tunísia
116868,Edo Kayembe,4,3184,4.6,True,2.0,,2.0,1.0,,,2.0,,,,,,,,,,,,RD Congo
116984,Tomás Araújo,3,2390,1.7,True,,1.0,1.0,,,,2.0,,,,,,,,,,,,Portugal
117230,Yilmaz,5,2328,-0.1,True,,,,,,1.0,,,,,,,,,,,,,Turquia
117309,Renato Veiga,3,2390,0.2,True,1.0,,1.0,,,,,,,,,,,,,,,,Portugal
117394,Agbadou,3,2350,6.5,True,,,,,,,1.0,1.0,,,,,,,,,,,Costa do Marfim
117401,Nico Paz,4,2357,1.2,True,,,1.0,,,,1.0,,,,,,,,,,,,Argentina
117439,Sibisi,3,2358,0.2,True,,1.0,1.0,,,,1.0,,,,,,,,,,,,África do Sul
117445,Mudau,2,2358,6.9,True,3.0,,2.0,,,,4.0,,,,,,,,,,,,África do Sul
117468,Karlström,4,2368,1.2,True,,,1.0,,,,1.0,,,,,,,,,,,,Suécia
117474,Fatouh,2,2324,3.1,True,1.0,1.0,2.0,1.0,,,2.0,,,,,,,,,,,,Egito
117477,Zizo,4,2324,-0.3,True,,,1.0,,,,,,,,,,,,,,,,Egito
117605,Ordóñez,3,2372,3.0,True,,,,,,,2.0,,,,,,,,,,,,Equador
117896,Berg,4,2323,0.0,True,,,,,,,,,,,,,,,,,,,Noruega
118234,Jean Jacques,4,2334,6.6,True,3.0,,3.0,,,,4.0,,,,,,,,,,,,Haiti
118270,Krejcí,3,2352,7.6,True,1.0,,3.0,,,,,,,,,,,1.0,,,,,República Tcheca
118306,Sutalo,3,2379,2.3,True,,,,,1.0,,1.0,,,,,,,,,,,,Croácia
118309,Hiroki Ito,3,2369,0.5,True,,,1.0,,1.0,,,,,,,,,,,,,,Japão
118310,Sugawara,2,2369,1.2,True,,,,1.0,,,,,,,,,,,,,,,Japão
118314,Taniguchi,3,2369,0.5,True,1.0,,,,,,,,,,,,,,,,,,Japão
118320,Ferguson,4,2327,5.7,True,6.0,,1.0,,,,2.0,,,,,,,,,,,,Escócia
118388,Wimmer,4,2391,1.5,True,,,,,,,1.0,,,,,,,,,,,,Áustria
118397,Amdouni,5,2320,2.5,True,2.0,,,,,,1.0,,,,,,,,,,,,Suíça
118741,Bobb,5,2323,0.0,True,,,,,,,,,,,,,,,,,,,Noruega
118786,Undav,5,2384,17.7,True,,,1.0,,,,,,,,2.0,,,1.0,,,,,Alemanha
118821,Spence,2,2370,1.2,True,,,,1.0,,,,,,,,,,,,,,,Inglaterra
120404,Chaïbi,4,2338,5.0,True,,,1.0,,3.0,1.0,2.0,,,,,,,,,,,,Argélia
120496,Baturina,4,2379,10.5,True,2.0,,,,,,1.0,,,,,,,1.0,,,,,Croácia
120526,Katic,3,2865,3.2,True,,1.0,1.0,,,,3.0,,,,,,,,,,,,Bósnia
120582,Pierrot,5,2334,1.6,True,2.0,,4.0,1.0,1.0,2.0,,,,,,,,,,,,,Haiti
120599,Madueke,5,2370,4.8,True,,,,,1.0,,2.0,,,,,,,,1.0,,,,Inglaterra
120600,Saibari,4,2332,9.3,True,1.0,,2.0,,,1.0,1.0,,,,,,,1.0,,,,,Marrocos
120630,Ben Slimane,4,2337,-0.2,True,,,,,,2.0,,,,,,,,,,,,,Tunísia
120634,Abdi,2,2337,3.6,True,,,3.0,,,,3.0,,,,,,,,,,,,Tunísia
120637,Rekik,3,2337,10.0,True,1.0,,,,,,1.0,,,,,,,1.0,,,,,Tunísia
120638,Talbi,3,2337,3.0,True,,,,,,,2.0,,,,,,,,,,,,Tunísia
120644,Barcola,5,2385,8.0,True,,,,,,,,,,,,,,1.0,,,,,França
120653,Schmid,4,2391,11.0,True,,,,,,,2.0,,,,,,,1.0,,,,,Áustria
120699,Luis Chávez,4,2360,1.2,True,,,1.0,,,,1.0,,,,,,,,,,,,México
120706,Cornelius,3,2361,1.3,True,1.0,,,,1.0,,,,,,,,,,,,,,Canadá
120708,Millar,4,2361,4.2,True,,,1.0,,,,3.0,,,,,,,,,,,,Canadá
120710,Buchanan,4,2361,2.5,True,2.0,,,,,,1.0,,,,,,,,,,,,Canadá
120713,Osorio,4,2361,0.0,True,,,,,,,,,,,,,,,,,,,Canadá
120715,Koné,4,2361,3.7,True,2.0,,1.0,,,,2.0,,,,,,,,,,,,Canadá
120717,Eustáquio,4,2361,1.7,True,3.0,,2.0,,1.0,,,,,,,,,,,,,,Canadá
120718,Johnston,2,2361,1.7,True,2.0,1.0,2.0,,1.0,,1.0,,,,,,,,,,,,Canadá
120751,Yüksek,4,2328,6.6,True,,,1.0,,3.0,,3.0,,,,,,,,,,,,Turquia
120776,Hien,3,2368,1.7,True,1.0,,1.0,,,,1.0,,,,,,,,,,,,Suécia
120823,Jashari,4,2320,0.8,True,,,,,1.0,,,,,,,,,,,,,,Suíça
120978,Riad,3,2332,1.5,True,,,,,,,1.0,,,,,,,,,,,,Marrocos
121080,Jackson,5,2347,5.1,True,,,2.0,,,3.0,2.0,,,,,1.0,,,,,,,Senegal
121276,Kalulu,2,3184,1.5,True,,,,,,,1.0,,,,,,,,,,,,RD Congo
121376,El Khannouss,4,2332,4.4,True,1.0,,2.0,,,,3.0,,,,,,,,,,,,Marrocos
121406,Tambakti,3,2344,0.0,True,,,,,,,,,,,,,,,,,,,Arábia Saudita
121413,Kevin Rodríguez,5,2372,0.0,True,,,,,,,,,,,,,,,,,,,Equador
121427,Khalilzadeh,3,2336,0.9,True,,,2.0,,,,1.0,,,,,,,,,,,,Irã
121452,Abulaila,1,3231,-1.7,True,,,,,,,,,1.0,3.0,,,,,,,,,Jordânia
121457,Haddad,2,3231,2.8,True,1.0,,,,1.0,,1.0,,,,,,,,,,,,Jordânia
121458,Obaid,3,3231,-1.0,True,,,,,,,,,,,,,,,,,1.0,,Jordânia
121460,Al-Arab,3,3231,1.5,True,,,,,,,3.0,,,,,,,,,1.0,,,Jordânia
121461,Nasib,3,3231,1.7,True,1.0,,1.0,,,,1.0,,,,,,,,,,,,Jordânia
121464,Al-Rawabdeh,4,3231,8.0,True,,,,,,,2.0,,,,1.0,,,,,,,,Jordânia
121468,Al-Rashdan,4,3231,4.1,True,1.0,,3.0,,,,3.0,,,,,,,,,,,,Jordânia
121469,Al-Mardi,5,3231,0.0,True,,,,,,,,,,,,,,,,,,,Jordânia
121470,Al-Tamari,5,3231,2.1,True,1.0,,1.0,1.0,1.0,1.0,,,,,,,,,,,,,Jordânia
121474,Olwan,5,3231,13.2,True,2.0,,,1.0,,,,,,,,1.0,,1.0,,,,,Jordânia
121758,Gannon-Doak,4,2327,2.5,True,1.0,,,1.0,1.0,,,,,,,,,,,,,,Escócia
122401,Doué,4,2385,4.0,True,1.0,,,1.0,1.0,,1.0,,,,,,,,,,,,França
122402,Doué,2,2350,7.1,True,2.0,1.0,3.0,,,,2.0,1.0,,,,,,,,,,,Costa do Marfim
122613,Attia,4,2324,-1.9,True,,1.0,3.0,,,,,,,,,,,,,,,,Egito
123096,Schjelderup,5,2323,0.5,True,1.0,,,,,,,,,,,,,,,,,,Noruega
123097,João Neves,4,2390,10.0,True,1.0,,,,,,1.0,,,,,,,1.0,,,,,Portugal
123314,Ayari,4,2368,17.7,True,1.0,,1.0,,,,1.0,,,,,,,2.0,,,,,Suécia
123676,Talbi,5,2332,0.0,True,,,,,,,,,,,,,,,,,,,Marrocos
123904,Verbruggen,1,2381,-0.7,True,,,,,,,,,1.0,2.0,,,,,,,,,Holanda
123965,Güler,4,2328,7.8,True,2.0,,,3.0,4.0,,,,,,,,,,,,,,Turquia
123967,Bardakci,3,2328,5.5,True,2.0,,,,,,1.0,,,,,1.0,,,,,,,Turquia
123969,Kadioglu,2,2328,0.8,True,,,,,1.0,,,,,,,,,,,,,,Turquia
123972,Thomas Christiansen,6,3062,0.0,False,,,,,,,,,,,,,,,,,,,Panamá
123995,Floranus,2,3221,2.7,True,,,1.0,,,,2.0,,,,,,,,,,,,Curaçao
123997,Antonisse,5,3221,1.5,True,,,,,,,1.0,,,,,,,,,,,,Curaçao
124103,Shankland,5,2327,2.0,True,2.0,,4.0,,1.0,1.0,1.0,,,,,,,,,,,,Escócia
124394,Yahia Fofana,1,2350,6.3,True,,,,,,,,1.0,1.0,,,,,,,,,,Costa do Marfim
124602,Lamine Yamal,5,2326,0.5,True,,,1.0,,1.0,,,,,,,,,,,,,,Espanha
124633,Tahirovic,4,2865,5.8,True,1.0,,,,1.0,,3.0,,,,,,,,,,,,Bósnia
124806,O'Reilly,2,2370,3.7,True,1.0,,1.0,1.0,1.0,,1.0,,,,,,,,,,,,Inglaterra
124884,Reijnders,4,2381,0.0,True,,,,,,,,,,,,,,,,,,,Holanda
124915,Bos,2,2333,7.1,True,1.0,,,,2.0,,,1.0,,,,,,,,,,,Austrália
124971,Circati,3,2333,7.0,True,,,1.0,,1.0,,1.0,1.0,,,,,,,,,,,Austrália
126356,Boushal,2,2344,-0.3,True,,,1.0,,,,,,,,,,,,,,,,Arábia Saudita
126359,Lajami,3,2344,0.0,True,,,,,,,,,,,,,,,,,,,Arábia Saudita
126427,Van de Ven,3,2381,0.7,True,,1.0,2.0,,1.0,,1.0,,,,,,,,,,,,Holanda
126445,Shaffelburg,4,2361,1.5,True,,,,,,,1.0,,,,,,,,,,,,Canadá
126677,El Aynaoui,4,2332,6.0,True,3.0,,4.0,1.0,,,3.0,,,,,,,,,,,,Marrocos
126834,De Fougerolles,3,2361,3.4,True,4.0,1.0,2.0,,,,2.0,,,,,,,,,,,,Canadá
126863,Cubarsí,3,2326,5.8,True,,,,,1.0,,,1.0,,,,,,,,,,,Espanha
126865,Pavlovic,4,2384,4.8,True,1.0,,5.0,1.0,2.0,,2.0,,,,,,,,,,,,Alemanha
126868,Al-Harbi,2,2344,3.0,True,3.0,,,,,,1.0,,,,,,,,,,,,Arábia Saudita
127108,Zerrouki,4,2338,0.0,True,,,,,,,,,,,,,,,,,,,Argélia
127133,Oh Hyeon-Gyu,5,2374,8.5,True,1.0,,,,,,,,,,,,,1.0,,,,,Coreia do Sul
127138,Lagerbielke,3,2368,0.5,True,1.0,,,,,,,,,,,,,,,,,,Suécia
127270,Achouri,5,2337,1.6,True,1.0,,,1.0,,1.0,,,,,,,,,,,,,Tunísia
127282,Pepi,5,2365,2.0,True,,,1.0,,1.0,,1.0,,,,,,,,,,,,Estados Unidos
127435,Freeman,2,2365,7.7,True,,,1.0,,,,2.0,,,,1.0,,,,,,,,Estados Unidos
127500,Nemati,3,2336,-0.4,True,,,1.0,,,1.0,,,,,,,,,,,,,Irã
127751,Freese,1,2365,-1.0,True,,,,,,,,,,1.0,,,,,,,,,Estados Unidos
127819,Sadiki,4,3184,1.5,True,,,,,,,1.0,,,,,,,,,,,,RD Congo
127832,Gutiérrez,4,2360,0.5,True,1.0,1.0,2.0,,2.0,,,,,,,,,,,,,,México
127850,Amoura,5,2338,-0.3,True,,,1.0,,,,,,,,,,,,,,,,Argélia
128072,Basic,4,2865,-0.6,True,,,2.0,,,,,,,,,,,,,,,,Bósnia
128141,Yildiz,5,2328,0.8,True,,,,,1.0,,,,,,,,,,,,,,Turquia
128152,Yeboah,4,2372,7.6,True,,,,,2.0,,2.0,,,,,1.0,,,,,,,Equador
128201,Nakamura,5,2369,9.5,True,1.0,,2.0,,2.0,,,,,,,,,1.0,,,,,Japão
128360,Al-Hajji,4,2344,0.0,True,,,,,,,,,,,,,,,,,,,Arábia Saudita
128559,Érik Lira,4,2360,9.0,True,2.0,,,,,,2.0,,,,1.0,,,,,,,,México
128570,Casimir,5,2334,1.9,True,2.0,,1.0,1.0,,,,,,,,,,,,,,,Haiti
128654,Wolfe,2,2323,4.6,True,1.0,,3.0,,,,,,,,1.0,,,,,,,,Noruega
128743,Bouaddi,4,2332,2.2,True,2.0,,1.0,,,,1.0,,,,,,,,,,,,Marrocos
128752,Camara,4,2347,-0.6,True,,,2.0,,,,,,,,,,,,,,,,Senegal
128929,Moghanlou,5,2336,9.8,True,1.0,,1.0,,2.0,,2.0,,,,1.0,,,,,,,,Irã
128931,Yousefi,2,2336,4.7,True,1.0,,,1.0,,,2.0,,,,,,,,,,,,Irã
129458,Rogers,4,2370,2.0,True,1.0,,,,,,1.0,,,,,,,,,,,,Inglaterra
129651,Watanabe,3,2369,3.5,True,1.0,,,,,,2.0,,,,,,,,,,,,Japão
129654,Sano,4,2369,3.0,True,,,,,,,2.0,,,,,,,,,,,,Japão
129759,Park Jin-Seob,4,2374,0.0,True,,,,,,,,,,,,,,,,,,,Coreia do Sul
129855,Deroy Duarte,4,3201,0.0,True,,,,,,,,,,,,,,,,,,,Cabo Verde
129857,Laros Duarte,4,3201,0.0,True,,,,,,,,,,,,,,,,,,,Cabo Verde
129859,Jamiro Monteiro,4,3201,6.0,True,,,,,,,4.0,,,,,,,,,,,,Cabo Verde
129956,Aymen Hussein,5,2342,6.5,True,1.0,,2.0,,2.0,,,,,,,,,1.0,,1.0,,,Iraque
129957,Ali Jasim,4,2342,1.5,True,,,,,,,1.0,,,,,,,,,,,,Iraque
129958,Bayesh,4,2342,3.3,True,2.0,,,,1.0,,1.0,,,,,,,,,,,,Iraque
129962,Al-Hamadi,5,2342,4.3,True,,,1.0,,2.0,,2.0,,,,,,,,,,,,Iraque
129964,Al-Ammari,4,2342,4.7,True,,,1.0,,,,,,,,1.0,,,,,,,,Iraque
129966,Doski,2,2342,9.5,True,4.0,,,,,,5.0,,,,,,,,,,,,Iraque
129968,Akam Hashem,3,2342,1.8,True,2.0,,,,1.0,,,,,,,,,,,,,,Iraque
129970,Tahseen,3,2342,0.7,True,2.0,1.0,3.0,,2.0,,,,,,,,,,,,,,Iraque
129972,Hussein Ali,2,2342,0.4,True,,,1.0,,1.0,1.0,,,,,,,,,,,,,Iraque
129976,Sébastien Desabre,6,3184,3.25,True,,,,,,,,,,,,,,,,,,,RD Congo
129978,Pickel,4,3184,0.0,True,,,,,,,,,,,,,,,,,,,RD Congo
129987,Mpasi,1,3184,-1.0,True,,,,,,,,,,1.0,,,,,,,,,RD Congo
130109,Lashin,4,2324,10.4,True,1.0,,2.0,,,,7.0,,,,,,,,,,,,Egito
130113,Abu Taha,2,3231,3.2,True,1.0,,1.0,,,,2.0,,,,,,,,,,,,Jordânia
130459,Sithole,4,2358,-3.9,True,,,3.0,,,,,,,,,,,,,,,1.0,África do Sul
130460,Appollis,4,2358,1.5,True,,,,,,,1.0,,,,,,,,,,,,África do Sul
130461,Adams,4,2358,1.5,True,,,,,,,1.0,,,,,,,,,,,,África do Sul
130531,Emerse Faé,6,2350,7.59,True,,,,,,,,,,,,,1.0,,,,,,Costa do Marfim
130690,El Mourabet,4,2332,0.5,True,1.0,,,,,,,,,,,,,,,,,,Marrocos
131280,Arce,5,2354,1.7,True,,1.0,1.0,,,,2.0,,,,,,,,,,,,Paraguai
131501,Rahimi,5,2332,1.5,True,,,,,,,1.0,,,,,,,,,,,,Marrocos
131638,Chytil,5,2352,0.0,True,,,,,,,,,,,,,,,,,,,República Tcheca
131651,El Hadji Diouf,2,2347,1.2,True,,,1.0,,,,1.0,,,,,,,,,,,,Senegal
132480,Bajraktarevic,4,2865,3.2,True,1.0,,1.0,,,,2.0,,,,,,,,,,,,Bósnia
132652,Berhalter,4,2365,2.0,True,1.0,,,,,,1.0,,,,,,,,,,,,Estados Unidos
132653,Ahmed,4,2361,3.0,True,,,,,,,2.0,,,,,,,,,,,,Canadá
132767,Israel Reyes,2,2360,5.0,True,,,,,,,,1.0,,,,,,,,,,,México
132768,Tala Rangel,1,2360,7.6,True,,,,,,,,1.0,2.0,,,,,,,,,,México
132909,Bazdar,5,2865,0.2,True,1.0,,1.0,,,,,,,,,,,,,,,,Bósnia
133035,Petar Sucic,4,2379,7.2,True,1.0,,2.0,,1.0,,1.0,,,,1.0,,,,,,,,Croácia
133036,Matanovic,5,2379,2.6,True,1.0,,2.0,1.0,,,1.0,,,,,,,,,,,,Croácia
133040,Marco Pasalic,5,2379,2.6,True,,,,1.0,,1.0,1.0,,,,,,,,,,,,Croácia
133146,De Cuyper,2,2392,-1.6,True,,1.0,2.0,,,,,,,,,,,,,,,,Bélgica
133259,Sergej Barbarez,6,2865,3.95,True,,,,,,,,,,,,,,,,,,,Bósnia
133261,Muharemovic,3,2865,5.5,True,1.0,,1.0,,1.0,,3.0,,,,,,,,,,,,Bósnia
133264,Gigovic,4,2865,3.5,True,1.0,,,,,,2.0,,,,,,,,,,,,Bósnia
133318,Hranác,3,2352,0.6,True,,,3.0,,,,1.0,,,,,,,,,,,,República Tcheca
133319,Sulc,4,2352,2.5,True,1.0,,1.0,,1.0,,1.0,,,,,,,,,,,,República Tcheca
133451,Oluwaseyi,5,2361,2.4,True,1.0,,,1.0,1.0,1.0,,,,,,,,,,,,,Canadá
133986,Darren Bazeley,6,2340,5.16,True,,,,,,,,,,,,,,,,,,,Nova Zelândia
133987,Surman,3,2340,0.5,True,1.0,,,,,,,,,,,,,,,,,,Nova Zelândia
133988,Randall,5,2340,0.0,True,,,,,,,,,,,,,,,,,,,Nova Zelândia
133990,Bindon,3,2340,2.0,True,1.0,,,,,,1.0,,,,,,,,,,,,Nova Zelândia
134492,Saadoon,2,2342,0.9,True,,,2.0,,,,1.0,,,,,,,,,,,,Iraque
134547,Bergvall,4,2368,7.0,True,,,1.0,,1.0,,1.0,,,,1.0,,,,,,,,Suécia
134625,Irankunda,5,2333,9.4,True,1.0,,1.0,1.0,,,,,,,,,,1.0,,,,,Austrália
137111,Burgess,3,2333,5.0,True,,,,,,,,1.0,,,,,,,,,,,Austrália
137282,Livramento,5,3201,1.2,True,1.0,,,,1.0,1.0,,,,,,,,,,,,,Cabo Verde
138236,Mukau,4,3184,0.0,True,,,,,,,,,,,,,,,,,,,RD Congo
138239,Fernández-Pardo,5,2392,0.0,True,,,,,,,,,,,,,,,,,,,Bélgica
138531,Mbaye,5,2347,8.0,True,,,,,,,,,,,,,,1.0,,,,,Senegal
138584,Hadj Moussa,5,2338,0.5,True,1.0,,,,,,,,,,,,,,,,,,Argélia
138903,Salah-Eddine,2,2332,0.0,True,,,,,,,,,,,,,,,,,,,Marrocos
138949,Brown,2,2384,15.4,True,,,2.0,,,,2.0,,,,1.0,,,1.0,,,,,Alemanha
139069,Gül,5,2328,0.0,True,,,,,,,,,,,,,,,,,,,Turquia
139653,Abu Al-Shamat,2,2344,0.9,True,,,2.0,,,,1.0,,,,,,,,,,,,Arábia Saudita
140177,Heggem,3,2323,1.2,True,,,1.0,,,,1.0,,,,,,,,,,,,Noruega
140193,Sunjic,4,2865,0.9,True,,,2.0,,,,1.0,,,,,,,,,,,,Bósnia
140208,Muheim,2,2320,-3.0,True,,,,,,,,,,,,,,,,1.0,,,Suíça
140443,Al-Oui,2,3238,1.2,True,,,1.0,,,,1.0,,,,,,,,,,,,Catar
140562,Miroslav Koubek,6,2352,3.29,True,,,,,,,,,,,,,,,,,,,República Tcheca
140568,Sojka,4,2352,5.0,True,1.0,,,,,,3.0,,,,,,,,,,,,República Tcheca
141486,Gilberto Mora,4,2360,-0.3,True,,,1.0,,,,,,,,,,,,,,,,México
141669,Raskin,4,2392,0.0,True,,,,,,,,,,,,,,,,,,,Bélgica
141738,Fabio Cannavaro,6,3061,0.0,False,,,,,,,,,,,,,,,,,,,Uzbequistão
141759,Curtis,4,2327,-1.3,True,,1.0,1.0,,,,,,,,,,,,,,,,Escócia
141851,Alajbegovic,4,2865,-0.3,True,,,1.0,,,,,,,,,,,,,,,,Bósnia
142068,Svensson,2,2368,0.0,True,,,,,,,,,,,,,,,,,,,Suécia
142177,Alipour,5,2336,3.2,True,1.0,,1.0,,,,2.0,,,,,,,,,,,,Irã
142978,Gill,1,2354,1.2,True,,,,,,,,,4.0,4.0,,,,,,,,,Paraguai
143294,Yan Diomandé,5,2350,4.1,True,2.0,,,,2.0,,1.0,,,,,,,,,,,,Costa do Marfim
143356,Kapuadi,3,3184,2.3,True,,,,,1.0,,1.0,,,,,,,,,,,,RD Congo
144042,Rayners,5,2358,0.0,True,,,,,,,,,,,,,,,,,,,África do Sul
144236,Tony Popovic,6,2333,8.530000000000001,True,,,,,,,,,,,,,1.0,,,,,,Austrália
145446,Vuskovic,3,2379,3.2,True,1.0,,1.0,,,,2.0,,,,,,,,,,,,Croácia
145887,Maza,4,2338,1.0,True,2.0,,,,,,,,,,,,,,,,,,Argélia
145894,Bonny,5,2350,1.0,True,2.0,,,,,,,,,,,,,,,,,,Costa do Marfim
146032,Chaloupek,3,2352,2.7,True,,,1.0,,,,2.0,,,,,,,,,,,,República Tcheca
146064,Promise David,5,2361,5.7,True,1.0,,2.0,,1.0,,,,,,1.0,,,,,,,,Canadá
146228,Zico,5,2324,2.1,True,2.0,,,1.0,,1.0,,,,,,,,,,,,,Egito
146387,Touré,5,2333,-0.2,True,1.0,,2.0,,,1.0,,,,,,,,,,,,,Austrália
146388,Amir Ghalenoei,6,2336,6.8,True,,,,,,,,,,,,,,,,,,,Irã
146390,Mohebi,5,2336,9.5,True,,,,,,,1.0,,,,,,,1.0,,,,,Irã
146396,Hosseinzadeh,5,2336,4.5,True,,,,,,,3.0,,,,,,,,,,,,Irã
146455,Hadj Mahmoud,4,2337,1.5,True,,,,,,,1.0,,,,,,,,,,,,Tunísia
146459,Chaouat,5,2337,-0.2,True,,,,,,2.0,,,,,,,,,,,,,Tunísia
146461,Saad,5,2337,3.2,True,2.0,,,,1.0,1.0,1.0,,,,,,,,,,,,Tunísia
146580,Eom Ji-Sung,5,2374,0.0,True,,,,,,,,,,,,,,,,,,,Coreia do Sul
146583,Lee Tae-Seok,2,2374,0.2,True,1.0,,1.0,,,,,,,,,,,,,,,,Coreia do Sul
146584,Lee Han-Beom,3,2374,4.4,True,,,3.0,,1.0,,3.0,,,,,,,,,,,,Coreia do Sul
146851,Pape Thiaw,6,2347,3.89,True,,,,,,,,,,,,,,,,,,,Senegal
146870,Tounekti,5,2337,-0.3,True,,,1.0,,,,,,,,,,,,,,,,Tunísia
147891,Sidny Cabral,2,3201,7.7,True,2.0,1.0,1.0,,,,2.0,1.0,,,,,,,,,,,Cabo Verde
147965,Amaimouni,5,2332,4.2,True,,,,1.0,,,2.0,,,,,,,,,,,,Marrocos
149616,Stroud,2,2368,0.0,True,,,,,,,,,,,,,,,,,,,Suécia
149795,Memic,4,2865,1.0,True,1.0,,1.0,,1.0,,,,,,,,,,,,,,Bósnia
149796,Lukic,5,2865,10.2,True,,1.0,1.0,1.0,1.0,,1.0,,,,,,,1.0,,,,,Bósnia
149805,Manzambi,4,2320,0.5,True,,,1.0,,1.0,,,,,,,,,,,,,,Suíça
149846,Zaid Ismail,4,2342,3.9,True,,,2.0,,,,3.0,,,,,,,,,,,,Iraque
149847,Farji,5,2342,2.0,True,1.0,,,,,,1.0,,,,,,,,,,,,Iraque
149857,Armando González,5,2360,-0.3,True,,,1.0,,,,,,,,,,,,,,,,México
150853,Sébastien Migné,6,2334,2.7,True,,,,,,,,,,,,,,,,,,,Haiti
150854,Expérience,2,2334,2.7,True,2.0,,2.0,,1.0,,1.0,,,,,,,,,,,,Haiti
150856,Deedson,5,2334,0.7,True,1.0,,2.0,,1.0,,,,,,,,,,,,,,Haiti
150866,Comenencia,4,3221,12.7,True,1.0,,1.0,,,,3.0,,,,,,,1.0,,,,,Curaçao
150875,Jamal Sellami,6,3231,3.49,True,,,,,,,,,,,,,,,,,,,Jordânia
150877,Hansen,5,3221,2.7,True,,,,1.0,,,1.0,,,,,,,,,,,,Curaçao
150878,Margaritha,5,3221,2.3,True,,,,,1.0,,1.0,,,,,,,,,,,,Curaçao
150879,Kastaneer,5,3221,-0.3,True,,,1.0,,,,,,,,,,,,,,,,Curaçao
150885,Mohamed Ouahbi,6,2332,5.45,True,,,,,,,,,,,,,,,,,,,Marrocos
150889,Ghayedi,5,2336,-0.1,True,1.0,,2.0,,,,,,,,,,,,,,,,Irã
150891,Bernhardsson,5,2368,2.5,True,2.0,,,,,,1.0,,,,,,,,,,,,Suécia
150899,Gueye Laye,3,3238,0.8,True,,,,,1.0,,,,,,,,,,,,,,Catar
150901,Manai,4,3238,1.5,True,,,,,,,1.0,,,,,,,,,,,,Catar
150906,Shiogai,5,2369,0.0,True,,,,,,,,,,,,,,,,,,,Japão
150907,Ngoy,3,2392,4.4,True,1.0,,2.0,,,,3.0,,,,,,,,,,,,Bélgica
150909,Inao Oulaï,4,2350,3.0,True,2.0,,1.0,,1.0,,1.0,,,,,,,,,,,,Costa do Marfim
150910,Touré,5,2350,1.7,True,1.0,,,1.0,,,,,,,,,,,,,,,Costa do Marfim
150914,Chamakh,1,2337,-3.7,True,,,,,,,,,1.0,5.0,,,,,,,,,Tunísia
150920,Lee Gi-Hyuk,3,2374,-0.3,True,2.0,1.0,1.0,,,,,,,,,,,,,,,,Coreia do Sul
150929,Fonville,3,3221,2.2,True,2.0,,1.0,,,,1.0,,,,,,,,,,,,Curaçao
150942,Abdelkarim,5,2324,0.0,True,,,,,,,,,,,,,,,,,,,Egito
150950,Qasem,4,2342,1.5,True,,,,,,,1.0,,,,,,,,,,,,Iraque
150983,Mbokazi,3,2358,6.4,True,2.0,,1.0,1.0,,,3.0,,,,,,,,,,,,África do Sul
150986,Okon,3,2358,0.0,True,,,,,,,,,,,,,,,,,,,África do Sul
150988,Mbatha,4,2358,1.5,True,,,,,,,1.0,,,,,,,,,,,,África do Sul
151025,Boulbina,5,2338,0.0,True,,,,,,,,,,,,,,,,,,,Argélia
151027,Belghali,2,2338,-0.6,True,,,2.0,,,,,,,,,,,,,,,,Argélia
151033,Italiano,2,2333,7.3,True,,,,,1.0,,1.0,1.0,,,,,,,,,,,Austrália
151034,Velupillay,5,2333,0.0,True,,,,,,,,,,,,,,,,,,,Austrália
151035,Yengi,5,2333,0.6,True,,,3.0,,,,1.0,,,,,,,,,,,,Austrália
151037,Geria,3,2333,5.0,True,,,,,,,,1.0,,,,,,,,,,,Austrália
151038,Okon-Engstler,4,2333,7.7,True,,,1.0,,,,2.0,,,,1.0,,,,,,,,Austrália
151039,Beach,1,2333,15.4,True,,,,,,,,1.0,8.0,,,,,,,,,,Austrália
151062,Odeh Fakhoury,5,3231,3.7,True,2.0,,,1.0,,,1.0,,,,,,,,,,,,Jordânia
151063,Azaizeh,5,3231,0.8,True,,,,,1.0,,,,,,,,,,,,,,Jordânia
151064,Abualnadi,3,3231,0.0,True,,,,,,,,,,,,,,,,,,,Jordânia
151066,Al-Rosan,3,3231,0.0,True,,,,,,,,,,,,,,,,,,,Jordânia
151068,Al-Dawoud,4,3231,0.0,True,,,,,,,,,,,,,,,,,,,Jordânia
